,Bird Type,Bird Info,Bird Family
0,Black-bellied Whistling-Duck,Dendrocygna autumnalis,"Ducks, Geese, and Waterfowl Anatidae "
1,Fulvous Whistling-Duck,Dendrocygna bicolor,"Ducks, Geese, and Waterfowl Anatidae "
2,Emperor Goose,Anser canagicus,"Ducks, Geese, and Waterfowl Anatidae "
3,Snow Goose,Anser caerulescens,"Ducks, Geese, and Waterfowl Anatidae "
4,Ross's Goose,Anser rossii,"Ducks, Geese, and Waterfowl Anatidae "
5,Greater White-fronted Goose,Anser albifrons,"Ducks, Geese, and Waterfowl Anatidae "
6,Brant,Branta bernicla,"Ducks, Geese, and Waterfowl Anatidae "
7,Cackling Goose,Branta hutchinsii,"Ducks, Geese, and Waterfowl Anatidae "
8,Canada Goose,Branta canadensis,"Ducks, Geese, and Waterfowl Anatidae "
9,Mute Swan,Cygnus olor,"Ducks, Geese, and Waterfowl Anatidae "
10,Trumpeter Swan,Cygnus buccinator,"Ducks, Geese, and Waterfowl Anatidae "
11,Tundra Swan,Cygnus columbianus,"Ducks, Geese, and Waterfowl Anatidae "
12,Muscovy Duck,Cairina moschata,"Ducks, Geese, and Waterfowl Anatidae "
13,Wood Duck,Aix sponsa,"Ducks, Geese, and Waterfowl Anatidae "
14,Blue-winged Teal,Spatula discors,"Ducks, Geese, and Waterfowl Anatidae "
15,Cinnamon Teal,Spatula cyanoptera,"Ducks, Geese, and Waterfowl Anatidae "
16,Northern Shoveler,Spatula clypeata,"Ducks, Geese, and Waterfowl Anatidae "
17,Gadwall,Mareca strepera,"Ducks, Geese, and Waterfowl Anatidae "
18,Eurasian Wigeon,Mareca penelope,"Ducks, Geese, and Waterfowl Anatidae "
19,American Wigeon,Mareca americana,"Ducks, Geese, and Waterfowl Anatidae "
20,Mallard,Anas platyrhynchos,"Ducks, Geese, and Waterfowl Anatidae "
21,American Black Duck,Anas rubripes,"Ducks, Geese, and Waterfowl Anatidae "
22,Mottled Duck,Anas fulvigula,"Ducks, Geese, and Waterfowl Anatidae "
23,Northern Pintail,Anas acuta,"Ducks, Geese, and Waterfowl Anatidae "
24,Green-winged Teal,Anas crecca,"Ducks, Geese, and Waterfowl Anatidae "
25,Canvasback,Aythya valisineria,"Ducks, Geese, and Waterfowl Anatidae "
26,Redhead,Aythya americana,"Ducks, Geese, and Waterfowl Anatidae "
27,Ring-necked Duck,Aythya collaris,"Ducks, Geese, and Waterfowl Anatidae "
28,Greater Scaup,Aythya marila,"Ducks, Geese, and Waterfowl Anatidae "
29,Lesser Scaup,Aythya affinis,"Ducks, Geese, and Waterfowl Anatidae "
30,Steller's Eider,Polysticta stelleri,"Ducks, Geese, and Waterfowl Anatidae "
31,King Eider,Somateria spectabilis,"Ducks, Geese, and Waterfowl Anatidae "
32,Common Eider,Somateria mollissima,"Ducks, Geese, and Waterfowl Anatidae "
33,Harlequin Duck,Histrionicus histrionicus,"Ducks, Geese, and Waterfowl Anatidae "
34,Surf Scoter,Melanitta perspicillata,"Ducks, Geese, and Waterfowl Anatidae "
35,White-winged Scoter,Melanitta deglandi,"Ducks, Geese, and Waterfowl Anatidae "
36,Black Scoter,Melanitta americana,"Ducks, Geese, and Waterfowl Anatidae "
37,Long-tailed Duck,Clangula hyemalis,"Ducks, Geese, and Waterfowl Anatidae "
38,Bufflehead,Bucephala albeola,"Ducks, Geese, and Waterfowl Anatidae "
39,Common Goldeneye,Bucephala clangula,"Ducks, Geese, and Waterfowl Anatidae "
40,Barrow's Goldeneye,Bucephala islandica,"Ducks, Geese, and Waterfowl Anatidae "
41,Hooded Merganser,Lophodytes cucullatus,"Ducks, Geese, and Waterfowl Anatidae "
42,Common Merganser,Mergus merganser,"Ducks, Geese, and Waterfowl Anatidae "
43,Red-breasted Merganser,Mergus serrator,"Ducks, Geese, and Waterfowl Anatidae "
44,Ruddy Duck,Oxyura jamaicensis,"Ducks, Geese, and Waterfowl Anatidae "
45,Plain Chachalaca,Ortalis vetula,"Guans, Chachalacas, and Curassows Cracidae "
46,Mountain Quail,Oreortyx pictus,New World Quail Odontophoridae 
47,Northern Bobwhite,Colinus virginianus,New World Quail Odontophoridae 
48,Scaled Quail,Callipepla squamata,New World Quail Odontophoridae 
49,California Quail,Callipepla californica,New World Quail Odontophoridae 
50,Gambel's Quail,Callipepla gambelii,New World Quail Odontophoridae 
51,Montezuma Quail,Cyrtonyx montezumae,New World Quail Odontophoridae 
52,Wild Turkey,Meleagris gallopavo,New World Quail Odontophoridae 
53,Ruffed Grouse,Bonasa umbellus,New World Quail Odontophoridae 
54,Greater Sage-Grouse,Centrocercus urophasianus,New World Quail Odontophoridae 
55,Gunnison Sage-Grouse,Centrocercus minimus,New World Quail Odontophoridae 
56,Dusky Grouse,Dendragapus obscurus,New World Quail Odontophoridae 
57,Sooty Grouse,Dendragapus fuliginosus,New World Quail Odontophoridae 
58,Sharp-tailed Grouse,Tympanuchus phasianellus,New World Quail Odontophoridae 
59,Greater Prairie-Chicken,Tympanuchus cupido,New World Quail Odontophoridae 
60,Lesser Prairie-Chicken,Tympanuchus pallidicinctus,New World Quail Odontophoridae 
61,White-tailed Ptarmigan,Lagopus leucura,New World Quail Odontophoridae 
62,Willow Ptarmigan,Lagopus lagopus,New World Quail Odontophoridae 
63,Rock Ptarmigan,Lagopus muta,New World Quail Odontophoridae 
64,Spruce Grouse,Canachites canadensis,New World Quail Odontophoridae 
65,Gray Partridge,Perdix perdix,New World Quail Odontophoridae 
66,Ring-necked Pheasant,Phasianus colchicus,New World Quail Odontophoridae 
67,Chukar,Alectoris chukar,New World Quail Odontophoridae 
68,Least Grebe,Tachybaptus dominicus,New World Quail Odontophoridae 
69,Pied-billed Grebe,Podilymbus podiceps,New World Quail Odontophoridae 
70,Horned Grebe,Podiceps auritus,New World Quail Odontophoridae 
71,Red-necked Grebe,Podiceps grisegena,New World Quail Odontophoridae 
72,Eared Grebe,Podiceps nigricollis,New World Quail Odontophoridae 
73,Western Grebe,Aechmophorus occidentalis,New World Quail Odontophoridae 
74,Clark's Grebe,Aechmophorus clarkii,New World Quail Odontophoridae 
75,Rock Pigeon,Columba livia,New World Quail Odontophoridae 
76,White-crowned Pigeon,Patagioenas leucocephala,New World Quail Odontophoridae 
77,Band-tailed Pigeon,Patagioenas fasciata,New World Quail Odontophoridae 
78,Eurasian Collared-Dove,Streptopelia decaocto,New World Quail Odontophoridae 
79,African Collared-Dove,Streptopelia roseogrisea,New World Quail Odontophoridae 
80,Inca Dove,Columbina inca,New World Quail Odontophoridae 
81,Common Ground Dove,Columbina passerina,New World Quail Odontophoridae 
82,White-tipped Dove,Leptotila verreauxi,New World Quail Odontophoridae 
83,White-winged Dove,Zenaida asiatica,New World Quail Odontophoridae 
84,Mourning Dove,Zenaida macroura,New World Quail Odontophoridae 
85,Smooth-billed Ani,Crotophaga ani,New World Quail Odontophoridae 
86,Groove-billed Ani,Crotophaga sulcirostris,New World Quail Odontophoridae 
87,Greater Roadrunner,Geococcyx californianus,New World Quail Odontophoridae 
88,Yellow-billed Cuckoo,Coccyzus americanus,New World Quail Odontophoridae 
89,Mangrove Cuckoo,Coccyzus minor,New World Quail Odontophoridae 
90,Black-billed Cuckoo,Coccyzus erythropthalmus,New World Quail Odontophoridae 
91,Lesser Nighthawk,Chordeiles acutipennis,New World Quail Odontophoridae 
92,Common Nighthawk,Chordeiles minor,New World Quail Odontophoridae 
93,Common Pauraque,Nyctidromus albicollis,New World Quail Odontophoridae 
94,Common Poorwill,Phalaenoptilus nuttallii,New World Quail Odontophoridae 
95,Chuck-will's-widow,Antrostomus carolinensis,New World Quail Odontophoridae 
96,Eastern Whip-poor-will,Antrostomus vociferus,New World Quail Odontophoridae 
97,Black Swift,Cypseloides niger,New World Quail Odontophoridae 
98,Chimney Swift,Chaetura pelagica,New World Quail Odontophoridae 
99,Vaux's Swift,Chaetura vauxi,New World Quail Odontophoridae 
100,White-throated Swift,Aeronautes saxatalis,New World Quail Odontophoridae 
101,Rivoli's Hummingbird,Eugenes fulgens,New World Quail Odontophoridae 
102,Blue-throated Mountain-gem,Lampornis clemenciae,New World Quail Odontophoridae 
103,Lucifer Hummingbird,Calothorax lucifer,New World Quail Odontophoridae 
104,Ruby-throated Hummingbird,Archilochus colubris,New World Quail Odontophoridae 
105,Black-chinned Hummingbird,Archilochus alexandri,New World Quail Odontophoridae 
106,Anna's Hummingbird,Calypte anna,New World Quail Odontophoridae 
107,Costa's Hummingbird,Calypte costae,New World Quail Odontophoridae 
108,Calliope Hummingbird,Selasphorus calliope,New World Quail Odontophoridae 
109,Rufous Hummingbird,Selasphorus rufus,New World Quail Odontophoridae 
110,Allen's Hummingbird,Selasphorus sasin,New World Quail Odontophoridae 
111,Broad-tailed Hummingbird,Selasphorus platycercus,New World Quail Odontophoridae 
112,Broad-billed Hummingbird,Cynanthus latirostris,New World Quail Odontophoridae 
113,Buff-bellied Hummingbird,Amazilia yucatanensis,New World Quail Odontophoridae 
114,Ridgway's Rail,Rallus obsoletus,New World Quail Odontophoridae 
115,King Rail,Rallus elegans,New World Quail Odontophoridae 
116,Clapper Rail,Rallus crepitans,New World Quail Odontophoridae 
117,Virginia Rail,Rallus limicola,New World Quail Odontophoridae 
118,Sora,Porzana carolina,New World Quail Odontophoridae 
119,Common Gallinule,Gallinula galeata,New World Quail Odontophoridae 
120,American Coot,Fulica americana,New World Quail Odontophoridae 
121,Purple Gallinule,Porphyrio martinica,New World Quail Odontophoridae 
122,Yellow Rail,Coturnicops noveboracensis,New World Quail Odontophoridae 
123,Black Rail,Laterallus jamaicensis,New World Quail Odontophoridae 
124,Limpkin,Aramus guarauna,New World Quail Odontophoridae 
125,Sandhill Crane,Antigone canadensis,New World Quail Odontophoridae 
126,Whooping Crane,Grus americana,New World Quail Odontophoridae 
127,Black-necked Stilt,Himantopus mexicanus,New World Quail Odontophoridae 
128,American Avocet,Recurvirostra americana,New World Quail Odontophoridae 
129,American Oystercatcher,Haematopus palliatus,New World Quail Odontophoridae 
130,Black Oystercatcher,Haematopus bachmani,New World Quail Odontophoridae 
131,Black-bellied Plover,Pluvialis squatarola,New World Quail Odontophoridae 
132,American Golden-Plover,Pluvialis dominica,New World Quail Odontophoridae 
133,Pacific Golden-Plover,Pluvialis fulva,New World Quail Odontophoridae 
134,Snowy Plover,Charadrius nivosus,New World Quail Odontophoridae 
135,Wilson's Plover,Charadrius wilsonia,New World Quail Odontophoridae 
136,Semipalmated Plover,Charadrius semipalmatus,New World Quail Odontophoridae 
137,Piping Plover,Charadrius melodus,New World Quail Odontophoridae 
138,Killdeer,Charadrius vociferus,New World Quail Odontophoridae 
139,Mountain Plover,Charadrius montanus,New World Quail Odontophoridae 
140,Upland Sandpiper,Bartramia longicauda,New World Quail Odontophoridae 
141,Whimbrel,Numenius phaeopus,New World Quail Odontophoridae 
142,Long-billed Curlew,Numenius americanus,New World Quail Odontophoridae 
143,Hudsonian Godwit,Limosa haemastica,New World Quail Odontophoridae 
144,Marbled Godwit,Limosa fedoa,New World Quail Odontophoridae 
145,Ruddy Turnstone,Arenaria interpres,New World Quail Odontophoridae 
146,Black Turnstone,Arenaria melanocephala,New World Quail Odontophoridae 
147,Red Knot,Calidris canutus,New World Quail Odontophoridae 
148,Surfbird,Calidris virgata,New World Quail Odontophoridae 
149,Stilt Sandpiper,Calidris himantopus,New World Quail Odontophoridae 
150,Sanderling,Calidris alba,New World Quail Odontophoridae 
151,Dunlin,Calidris alpina,New World Quail Odontophoridae 
152,Rock Sandpiper,Calidris ptilocnemis,New World Quail Odontophoridae 
153,Purple Sandpiper,Calidris maritima,New World Quail Odontophoridae 
154,Baird's Sandpiper,Calidris bairdii,New World Quail Odontophoridae 
155,Least Sandpiper,Calidris minutilla,New World Quail Odontophoridae 
156,White-rumped Sandpiper,Calidris fuscicollis,New World Quail Odontophoridae 
157,Buff-breasted Sandpiper,Calidris subruficollis,New World Quail Odontophoridae 
158,Pectoral Sandpiper,Calidris melanotos,New World Quail Odontophoridae 
159,Semipalmated Sandpiper,Calidris pusilla,New World Quail Odontophoridae 
160,Western Sandpiper,Calidris mauri,New World Quail Odontophoridae 
161,Short-billed Dowitcher,Limnodromus griseus,New World Quail Odontophoridae 
162,Long-billed Dowitcher,Limnodromus scolopaceus,New World Quail Odontophoridae 
163,American Woodcock,Scolopax minor,New World Quail Odontophoridae 
164,Wilson's Snipe,Gallinago delicata,New World Quail Odontophoridae 
165,Wilson's Phalarope,Phalaropus tricolor,New World Quail Odontophoridae 
166,Red-necked Phalarope,Phalaropus lobatus,New World Quail Odontophoridae 
167,Red Phalarope,Phalaropus fulicarius,New World Quail Odontophoridae 
168,Spotted Sandpiper,Actitis macularius,New World Quail Odontophoridae 
169,Solitary Sandpiper,Tringa solitaria,New World Quail Odontophoridae 
170,Wandering Tattler,Tringa incana,New World Quail Odontophoridae 
171,Greater Yellowlegs,Tringa melanoleuca,New World Quail Odontophoridae 
172,Willet,Tringa semipalmata,New World Quail Odontophoridae 
173,Lesser Yellowlegs,Tringa flavipes,New World Quail Odontophoridae 
174,Pomarine Jaeger,Stercorarius pomarinus,New World Quail Odontophoridae 
175,Parasitic Jaeger,Stercorarius parasiticus,New World Quail Odontophoridae 
176,Long-tailed Jaeger,Stercorarius longicaudus,New World Quail Odontophoridae 
177,Dovekie,Alle alle,New World Quail Odontophoridae 
178,Common Murre,Uria aalge,New World Quail Odontophoridae 
179,Thick-billed Murre,Uria lomvia,New World Quail Odontophoridae 
180,Razorbill,Alca torda,New World Quail Odontophoridae 
181,Black Guillemot,Cepphus grylle,New World Quail Odontophoridae 
182,Pigeon Guillemot,Cepphus columba,New World Quail Odontophoridae 
183,Marbled Murrelet,Brachyramphus marmoratus,New World Quail Odontophoridae 
184,Ancient Murrelet,Synthliboramphus antiquus,New World Quail Odontophoridae 
185,Cassin's Auklet,Ptychoramphus aleuticus,New World Quail Odontophoridae 
186,Parakeet Auklet,Aethia psittacula,New World Quail Odontophoridae 
187,Rhinoceros Auklet,Cerorhinca monocerata,New World Quail Odontophoridae 
188,Atlantic Puffin,Fratercula arctica,New World Quail Odontophoridae 
189,Horned Puffin,Fratercula corniculata,New World Quail Odontophoridae 
190,Tufted Puffin,Fratercula cirrhata,New World Quail Odontophoridae 
191,Black-legged Kittiwake,Rissa tridactyla,New World Quail Odontophoridae 
192,Ivory Gull,Pagophila eburnea,New World Quail Odontophoridae 
193,Sabine's Gull,Xema sabini,New World Quail Odontophoridae 
194,Bonaparte's Gull,Chroicocephalus philadelphia,New World Quail Odontophoridae 
195,Black-headed Gull,Chroicocephalus ridibundus,New World Quail Odontophoridae 
196,Little Gull,Hydrocoloeus minutus,New World Quail Odontophoridae 
197,Ross's Gull,Rhodostethia rosea,New World Quail Odontophoridae 
198,Laughing Gull,Leucophaeus atricilla,New World Quail Odontophoridae 
199,Franklin's Gull,Leucophaeus pipixcan,New World Quail Odontophoridae 
200,Heermann's Gull,Larus heermanni,New World Quail Odontophoridae 
201,Short-billed Gull,Larus brachyrhynchus,New World Quail Odontophoridae 
202,Ring-billed Gull,Larus delawarensis,New World Quail Odontophoridae 
203,Western Gull,Larus occidentalis,New World Quail Odontophoridae 
204,California Gull,Larus californicus,New World Quail Odontophoridae 
205,Herring Gull,Larus argentatus,New World Quail Odontophoridae 
206,Iceland Gull,Larus glaucoides,New World Quail Odontophoridae 
207,Lesser Black-backed Gull,Larus fuscus,New World Quail Odontophoridae 
208,Glaucous-winged Gull,Larus glaucescens,New World Quail Odontophoridae 
209,Glaucous Gull,Larus hyperboreus,New World Quail Odontophoridae 
210,Great Black-backed Gull,Larus marinus,New World Quail Odontophoridae 
211,Least Tern,Sternula antillarum,New World Quail Odontophoridae 
212,Gull-billed Tern,Gelochelidon nilotica,New World Quail Odontophoridae 
213,Caspian Tern,Hydroprogne caspia,New World Quail Odontophoridae 
214,Black Tern,Chlidonias niger,New World Quail Odontophoridae 
215,Roseate Tern,Sterna dougallii,New World Quail Odontophoridae 
216,Common Tern,Sterna hirundo,New World Quail Odontophoridae 
217,Arctic Tern,Sterna paradisaea,New World Quail Odontophoridae 
218,Forster's Tern,Sterna forsteri,New World Quail Odontophoridae 
219,Royal Tern,Thalasseus maximus,New World Quail Odontophoridae 
220,Sandwich Tern,Thalasseus sandvicensis,New World Quail Odontophoridae 
221,Elegant Tern,Thalasseus elegans,New World Quail Odontophoridae 
222,Black Skimmer,Rynchops niger,New World Quail Odontophoridae 
223,Red-throated Loon,Gavia stellata,New World Quail Odontophoridae 
224,Pacific Loon,Gavia pacifica,New World Quail Odontophoridae 
225,Common Loon,Gavia immer,New World Quail Odontophoridae 
226,Laysan Albatross,Phoebastria immutabilis,New World Quail Odontophoridae 
227,Black-footed Albatross,Phoebastria nigripes,New World Quail Odontophoridae 
228,Fork-tailed Storm-Petrel,Hydrobates furcatus,New World Quail Odontophoridae 
229,Northern Fulmar,Fulmarus glacialis,New World Quail Odontophoridae 
230,Wood Stork,Mycteria americana,New World Quail Odontophoridae 
231,Magnificent Frigatebird,Fregata magnificens,New World Quail Odontophoridae 
232,Masked Booby,Sula dactylatra,New World Quail Odontophoridae 
233,Blue-footed Booby,Sula nebouxii,New World Quail Odontophoridae 
234,Brown Booby,Sula leucogaster,New World Quail Odontophoridae 
235,Red-footed Booby,Sula sula,New World Quail Odontophoridae 
236,Northern Gannet,Morus bassanus,New World Quail Odontophoridae 
237,Anhinga,Anhinga anhinga,New World Quail Odontophoridae 
238,Brandt's Cormorant,Urile penicillatus,New World Quail Odontophoridae 
239,Pelagic Cormorant,Urile pelagicus,New World Quail Odontophoridae 
240,Great Cormorant,Phalacrocorax carbo,New World Quail Odontophoridae 
241,Double-crested Cormorant,Nannopterum auritum,New World Quail Odontophoridae 
242,Neotropic Cormorant,Nannopterum brasilianum,New World Quail Odontophoridae 
243,American White Pelican,Pelecanus erythrorhynchos,New World Quail Odontophoridae 
244,Brown Pelican,Pelecanus occidentalis,New World Quail Odontophoridae 
245,American Bittern,Botaurus lentiginosus,New World Quail Odontophoridae 
246,Least Bittern,Ixobrychus exilis,New World Quail Odontophoridae 
247,Great Blue Heron,Ardea herodias,New World Quail Odontophoridae 
248,Great Egret,Ardea alba,New World Quail Odontophoridae 
249,Snowy Egret,Egretta thula,New World Quail Odontophoridae 
250,Little Blue Heron,Egretta caerulea,New World Quail Odontophoridae 
251,Tricolored Heron,Egretta tricolor,New World Quail Odontophoridae 
252,Reddish Egret,Egretta rufescens,New World Quail Odontophoridae 
253,Cattle Egret,Bubulcus ibis,New World Quail Odontophoridae 
254,Green Heron,Butorides virescens,New World Quail Odontophoridae 
255,Black-crowned Night-Heron,Nycticorax nycticorax,New World Quail Odontophoridae 
256,Yellow-crowned Night-Heron,Nyctanassa violacea,New World Quail Odontophoridae 
257,White Ibis,Eudocimus albus,New World Quail Odontophoridae 
258,Glossy Ibis,Plegadis falcinellus,New World Quail Odontophoridae 
259,White-faced Ibis,Plegadis chihi,New World Quail Odontophoridae 
260,Roseate Spoonbill,Platalea ajaja,New World Quail Odontophoridae 
261,California Condor,Gymnogyps californianus,New World Quail Odontophoridae 
262,Black Vulture,Coragyps atratus,New World Quail Odontophoridae 
263,Turkey Vulture,Cathartes aura,New World Quail Odontophoridae 
264,Osprey,Pandion haliaetus,New World Quail Odontophoridae 
265,White-tailed Kite,Elanus leucurus,New World Quail Odontophoridae 
266,Swallow-tailed Kite,Elanoides forficatus,New World Quail Odontophoridae 
267,Golden Eagle,Aquila chrysaetos,New World Quail Odontophoridae 
268,Snail Kite,Rostrhamus sociabilis,New World Quail Odontophoridae 
269,Mississippi Kite,Ictinia mississippiensis,New World Quail Odontophoridae 
270,Northern Harrier,Circus hudsonius,New World Quail Odontophoridae 
271,Sharp-shinned Hawk,Accipiter striatus,New World Quail Odontophoridae 
272,Cooper's Hawk,Accipiter cooperii,New World Quail Odontophoridae 
273,Northern Goshawk,Accipiter gentilis,New World Quail Odontophoridae 
274,Bald Eagle,Haliaeetus leucocephalus,New World Quail Odontophoridae 
275,Harris's Hawk,Parabuteo unicinctus,New World Quail Odontophoridae 
276,White-tailed Hawk,Geranoaetus albicaudatus,New World Quail Odontophoridae 
277,Gray Hawk,Buteo plagiatus,New World Quail Odontophoridae 
278,Red-shouldered Hawk,Buteo lineatus,New World Quail Odontophoridae 
279,Broad-winged Hawk,Buteo platypterus,New World Quail Odontophoridae 
280,Swainson's Hawk,Buteo swainsoni,New World Quail Odontophoridae 
281,Zone-tailed Hawk,Buteo albonotatus,New World Quail Odontophoridae 
282,Red-tailed Hawk,Buteo jamaicensis,New World Quail Odontophoridae 
283,Rough-legged Hawk,Buteo lagopus,New World Quail Odontophoridae 
284,Ferruginous Hawk,Buteo regalis,New World Quail Odontophoridae 
285,Barn Owl,Tyto alba,New World Quail Odontophoridae 
286,Flammulated Owl,Psiloscops flammeolus,New World Quail Odontophoridae 
287,Western Screech-Owl,Megascops kennicottii,New World Quail Odontophoridae 
288,Eastern Screech-Owl,Megascops asio,New World Quail Odontophoridae 
289,Great Horned Owl,Bubo virginianus,New World Quail Odontophoridae 
290,Snowy Owl,Bubo scandiacus,New World Quail Odontophoridae 
291,Northern Hawk Owl,Surnia ulula,New World Quail Odontophoridae 
292,Northern Pygmy-Owl,Glaucidium gnoma,New World Quail Odontophoridae 
293,Burrowing Owl,Athene cunicularia,New World Quail Odontophoridae 
294,Spotted Owl,Strix occidentalis,New World Quail Odontophoridae 
295,Barred Owl,Strix varia,New World Quail Odontophoridae 
296,Great Gray Owl,Strix nebulosa,New World Quail Odontophoridae 
297,Long-eared Owl,Asio otus,New World Quail Odontophoridae 
298,Short-eared Owl,Asio flammeus,New World Quail Odontophoridae 
299,Boreal Owl,Aegolius funereus,New World Quail Odontophoridae 
300,Northern Saw-whet Owl,Aegolius acadicus,New World Quail Odontophoridae 
301,Elegant Trogon,Trogon elegans,New World Quail Odontophoridae 
302,Belted Kingfisher,Megaceryle alcyon,New World Quail Odontophoridae 
303,Williamson's Sapsucker,Sphyrapicus thyroideus,New World Quail Odontophoridae 
304,Yellow-bellied Sapsucker,Sphyrapicus varius,New World Quail Odontophoridae 
305,Red-naped Sapsucker,Sphyrapicus nuchalis,New World Quail Odontophoridae 
306,Red-breasted Sapsucker,Sphyrapicus ruber,New World Quail Odontophoridae 
307,Lewis's Woodpecker,Melanerpes lewis,New World Quail Odontophoridae 
308,Red-headed Woodpecker,Melanerpes erythrocephalus,New World Quail Odontophoridae 
309,Acorn Woodpecker,Melanerpes formicivorus,New World Quail Odontophoridae 
310,Gila Woodpecker,Melanerpes uropygialis,New World Quail Odontophoridae 
311,Golden-fronted Woodpecker,Melanerpes aurifrons,New World Quail Odontophoridae 
312,Red-bellied Woodpecker,Melanerpes carolinus,New World Quail Odontophoridae 
313,American Three-toed Woodpecker,Picoides dorsalis,New World Quail Odontophoridae 
314,Black-backed Woodpecker,Picoides arcticus,New World Quail Odontophoridae 
315,Downy Woodpecker,Dryobates pubescens,New World Quail Odontophoridae 
316,Nuttall's Woodpecker,Dryobates nuttallii,New World Quail Odontophoridae 
317,Ladder-backed Woodpecker,Dryobates scalaris,New World Quail Odontophoridae 
318,Red-cockaded Woodpecker,Dryobates borealis,New World Quail Odontophoridae 
319,Hairy Woodpecker,Dryobates villosus,New World Quail Odontophoridae 
320,White-headed Woodpecker,Dryobates albolarvatus,New World Quail Odontophoridae 
321,Arizona Woodpecker,Dryobates arizonae,New World Quail Odontophoridae 
322,Ivory-billed Woodpecker,Campephilus principalis,New World Quail Odontophoridae 
323,Pileated Woodpecker,Dryocopus pileatus,New World Quail Odontophoridae 
324,Northern Flicker,Colaptes auratus,New World Quail Odontophoridae 
325,Gilded Flicker,Colaptes chrysoides,New World Quail Odontophoridae 
326,Crested Caracara,Caracara plancus,New World Quail Odontophoridae 
327,American Kestrel,Falco sparverius,New World Quail Odontophoridae 
328,Merlin,Falco columbarius,New World Quail Odontophoridae 
329,Aplomado Falcon,Falco femoralis,New World Quail Odontophoridae 
330,Gyrfalcon,Falco rusticolus,New World Quail Odontophoridae 
331,Peregrine Falcon,Falco peregrinus,New World Quail Odontophoridae 
332,Prairie Falcon,Falco mexicanus,New World Quail Odontophoridae 
333,Monk Parakeet,Myiopsitta monachus,New World Quail Odontophoridae 
334,Northern Beardless-Tyrannulet,Camptostoma imberbe,New World Quail Odontophoridae 
335,Olive-sided Flycatcher,Contopus cooperi,New World Quail Odontophoridae 
336,Greater Pewee,Contopus pertinax,New World Quail Odontophoridae 
337,Western Wood-Pewee,Contopus sordidulus,New World Quail Odontophoridae 
338,Eastern Wood-Pewee,Contopus virens,New World Quail Odontophoridae 
339,Yellow-bellied Flycatcher,Empidonax flaviventris,New World Quail Odontophoridae 
340,Acadian Flycatcher,Empidonax virescens,New World Quail Odontophoridae 
341,Alder Flycatcher,Empidonax alnorum,New World Quail Odontophoridae 
342,Willow Flycatcher,Empidonax traillii,New World Quail Odontophoridae 
343,Least Flycatcher,Empidonax minimus,New World Quail Odontophoridae 
344,Hammond's Flycatcher,Empidonax hammondii,New World Quail Odontophoridae 
345,Gray Flycatcher,Empidonax wrightii,New World Quail Odontophoridae 
346,Dusky Flycatcher,Empidonax oberholseri,New World Quail Odontophoridae 
347,Pacific-slope Flycatcher,Empidonax difficilis,New World Quail Odontophoridae 
348,Cordilleran Flycatcher,Empidonax occidentalis,New World Quail Odontophoridae 
349,Buff-breasted Flycatcher,Empidonax fulvifrons,New World Quail Odontophoridae 
350,Black Phoebe,Sayornis nigricans,New World Quail Odontophoridae 
351,Eastern Phoebe,Sayornis phoebe,New World Quail Odontophoridae 
352,Say's Phoebe,Sayornis saya,New World Quail Odontophoridae 
353,Vermilion Flycatcher,Pyrocephalus rubinus,New World Quail Odontophoridae 
354,Ash-throated Flycatcher,Myiarchus cinerascens,New World Quail Odontophoridae 
355,Great Crested Flycatcher,Myiarchus crinitus,New World Quail Odontophoridae 
356,Great Kiskadee,Pitangus sulphuratus,New World Quail Odontophoridae 
357,Tropical Kingbird,Tyrannus melancholicus,New World Quail Odontophoridae 
358,Couch's Kingbird,Tyrannus couchii,New World Quail Odontophoridae 
359,Cassin's Kingbird,Tyrannus vociferans,New World Quail Odontophoridae 
360,Western Kingbird,Tyrannus verticalis,New World Quail Odontophoridae 
361,Eastern Kingbird,Tyrannus tyrannus,New World Quail Odontophoridae 
362,Scissor-tailed Flycatcher,Tyrannus forficatus,New World Quail Odontophoridae 
363,Black-capped Vireo,Vireo atricapilla,New World Quail Odontophoridae 
364,White-eyed Vireo,Vireo griseus,New World Quail Odontophoridae 
365,Bell's Vireo,Vireo bellii,New World Quail Odontophoridae 
366,Gray Vireo,Vireo vicinior,New World Quail Odontophoridae 
367,Hutton's Vireo,Vireo huttoni,New World Quail Odontophoridae 
368,Yellow-throated Vireo,Vireo flavifrons,New World Quail Odontophoridae 
369,Cassin's Vireo,Vireo cassinii,New World Quail Odontophoridae 
370,Blue-headed Vireo,Vireo solitarius,New World Quail Odontophoridae 
371,Plumbeous Vireo,Vireo plumbeus,New World Quail Odontophoridae 
372,Philadelphia Vireo,Vireo philadelphicus,New World Quail Odontophoridae 
373,Warbling Vireo,Vireo gilvus,New World Quail Odontophoridae 
374,Red-eyed Vireo,Vireo olivaceus,New World Quail Odontophoridae 
375,Black-whiskered Vireo,Vireo altiloquus,New World Quail Odontophoridae 
376,Loggerhead Shrike,Lanius ludovicianus,New World Quail Odontophoridae 
377,Northern Shrike,Lanius borealis,New World Quail Odontophoridae 
378,Canada Jay,Perisoreus canadensis,New World Quail Odontophoridae 
379,Green Jay,Cyanocorax yncas,New World Quail Odontophoridae 
380,Pinyon Jay,Gymnorhinus cyanocephalus,New World Quail Odontophoridae 
381,Steller's Jay,Cyanocitta stelleri,New World Quail Odontophoridae 
382,Blue Jay,Cyanocitta cristata,New World Quail Odontophoridae 
383,Florida Scrub-Jay,Aphelocoma coerulescens,New World Quail Odontophoridae 
384,California Scrub-Jay,Aphelocoma californica,New World Quail Odontophoridae 
385,Woodhouse's Scrub-Jay,Aphelocoma woodhouseii,New World Quail Odontophoridae 
386,Mexican Jay,Aphelocoma wollweberi,New World Quail Odontophoridae 
387,Black-billed Magpie,Pica hudsonia,New World Quail Odontophoridae 
388,Yellow-billed Magpie,Pica nuttalli,New World Quail Odontophoridae 
389,Clark's Nutcracker,Nucifraga columbiana,New World Quail Odontophoridae 
390,American Crow,Corvus brachyrhynchos,New World Quail Odontophoridae 
391,Fish Crow,Corvus ossifragus,New World Quail Odontophoridae 
392,Chihuahuan Raven,Corvus cryptoleucus,New World Quail Odontophoridae 
393,Common Raven,Corvus corax,New World Quail Odontophoridae 
394,Carolina Chickadee,Poecile carolinensis,New World Quail Odontophoridae 
395,Black-capped Chickadee,Poecile atricapillus,New World Quail Odontophoridae 
396,Mountain Chickadee,Poecile gambeli,New World Quail Odontophoridae 
397,Chestnut-backed Chickadee,Poecile rufescens,New World Quail Odontophoridae 
398,Boreal Chickadee,Poecile hudsonicus,New World Quail Odontophoridae 
399,Bridled Titmouse,Baeolophus wollweberi,New World Quail Odontophoridae 
400,Oak Titmouse,Baeolophus inornatus,New World Quail Odontophoridae 
401,Juniper Titmouse,Baeolophus ridgwayi,New World Quail Odontophoridae 
402,Tufted Titmouse,Baeolophus bicolor,New World Quail Odontophoridae 
403,Black-crested Titmouse,Baeolophus atricristatus,New World Quail Odontophoridae 
404,Verdin,Auriparus flaviceps,New World Quail Odontophoridae 
405,Horned Lark,Eremophila alpestris,New World Quail Odontophoridae 
406,Northern Rough-winged Swallow,Stelgidopteryx serripennis,New World Quail Odontophoridae 
407,Purple Martin,Progne subis,New World Quail Odontophoridae 
408,Tree Swallow,Tachycineta bicolor,New World Quail Odontophoridae 
409,Violet-green Swallow,Tachycineta thalassina,New World Quail Odontophoridae 
410,Bank Swallow,Riparia riparia,New World Quail Odontophoridae 
411,Barn Swallow,Hirundo rustica,New World Quail Odontophoridae 
412,Cliff Swallow,Petrochelidon pyrrhonota,New World Quail Odontophoridae 
413,Cave Swallow,Petrochelidon fulva,New World Quail Odontophoridae 
414,Arctic Warbler,Phylloscopus borealis,New World Quail Odontophoridae 
415,Bushtit,Psaltriparus minimus,New World Quail Odontophoridae 
416,Wrentit,Chamaea fasciata,New World Quail Odontophoridae 
417,Ruby-crowned Kinglet,Corthylio calendula,New World Quail Odontophoridae 
418,Golden-crowned Kinglet,Regulus satrapa,New World Quail Odontophoridae 
419,Red-breasted Nuthatch,Sitta canadensis,New World Quail Odontophoridae 
420,White-breasted Nuthatch,Sitta carolinensis,New World Quail Odontophoridae 
421,Pygmy Nuthatch,Sitta pygmaea,New World Quail Odontophoridae 
422,Brown-headed Nuthatch,Sitta pusilla,New World Quail Odontophoridae 
423,Brown Creeper,Certhia americana,New World Quail Odontophoridae 
424,Blue-gray Gnatcatcher,Polioptila caerulea,New World Quail Odontophoridae 
425,Black-tailed Gnatcatcher,Polioptila melanura,New World Quail Odontophoridae 
426,California Gnatcatcher,Polioptila californica,New World Quail Odontophoridae 
427,Rock Wren,Salpinctes obsoletus,New World Quail Odontophoridae 
428,Canyon Wren,Catherpes mexicanus,New World Quail Odontophoridae 
429,House Wren,Troglodytes aedon,New World Quail Odontophoridae 
430,Pacific Wren,Troglodytes pacificus,New World Quail Odontophoridae 
431,Winter Wren,Troglodytes hiemalis,New World Quail Odontophoridae 
432,Sedge Wren,Cistothorus stellaris,New World Quail Odontophoridae 
433,Marsh Wren,Cistothorus palustris,New World Quail Odontophoridae 
434,Carolina Wren,Thryothorus ludovicianus,New World Quail Odontophoridae 
435,Bewick's Wren,Thryomanes bewickii,New World Quail Odontophoridae 
436,Cactus Wren,Campylorhynchus brunneicapillus,New World Quail Odontophoridae 
437,American Dipper,Cinclus mexicanus,New World Quail Odontophoridae 
438,European Starling,Sturnus vulgaris,New World Quail Odontophoridae 
439,Gray Catbird,Dumetella carolinensis,New World Quail Odontophoridae 
440,Curve-billed Thrasher,Toxostoma curvirostre,New World Quail Odontophoridae 
441,Brown Thrasher,Toxostoma rufum,New World Quail Odontophoridae 
442,Long-billed Thrasher,Toxostoma longirostre,New World Quail Odontophoridae 
443,Bendire's Thrasher,Toxostoma bendirei,New World Quail Odontophoridae 
444,California Thrasher,Toxostoma redivivum,New World Quail Odontophoridae 
445,LeConte's Thrasher,Toxostoma lecontei,New World Quail Odontophoridae 
446,Crissal Thrasher,Toxostoma crissale,New World Quail Odontophoridae 
447,Sage Thrasher,Oreoscoptes montanus,New World Quail Odontophoridae 
448,Northern Mockingbird,Mimus polyglottos,New World Quail Odontophoridae 
449,Eastern Bluebird,Sialia sialis,New World Quail Odontophoridae 
450,Western Bluebird,Sialia mexicana,New World Quail Odontophoridae 
451,Mountain Bluebird,Sialia currucoides,New World Quail Odontophoridae 
452,Townsend's Solitaire,Myadestes townsendi,New World Quail Odontophoridae 
453,Varied Thrush,Ixoreus naevius,New World Quail Odontophoridae 
454,Veery,Catharus fuscescens,New World Quail Odontophoridae 
455,Gray-cheeked Thrush,Catharus minimus,New World Quail Odontophoridae 
456,Bicknell's Thrush,Catharus bicknelli,New World Quail Odontophoridae 
457,Swainson's Thrush,Catharus ustulatus,New World Quail Odontophoridae 
458,Hermit Thrush,Catharus guttatus,New World Quail Odontophoridae 
459,Wood Thrush,Hylocichla mustelina,New World Quail Odontophoridae 
460,American Robin,Turdus migratorius,New World Quail Odontophoridae 
461,Bluethroat,Luscinia svecica,New World Quail Odontophoridae 
462,Bohemian Waxwing,Bombycilla garrulus,New World Quail Odontophoridae 
463,Cedar Waxwing,Bombycilla cedrorum,New World Quail Odontophoridae 
464,Phainopepla,Phainopepla nitens,New World Quail Odontophoridae 
465,Olive Warbler,Peucedramus taeniatus,New World Quail Odontophoridae 
466,House Sparrow,Passer domesticus,New World Quail Odontophoridae 
467,Eurasian Tree Sparrow,Passer montanus,New World Quail Odontophoridae 
468,American Pipit,Anthus rubescens,New World Quail Odontophoridae 
469,Sprague's Pipit,Anthus spragueii,New World Quail Odontophoridae 
470,Evening Grosbeak,Coccothraustes vespertinus,New World Quail Odontophoridae 
471,Pine Grosbeak,Pinicola enucleator,New World Quail Odontophoridae 
472,Gray-crowned Rosy-Finch,Leucosticte tephrocotis,New World Quail Odontophoridae 
473,Black Rosy-Finch,Leucosticte atrata,New World Quail Odontophoridae 
474,Brown-capped Rosy-Finch,Leucosticte australis,New World Quail Odontophoridae 
475,House Finch,Haemorhous mexicanus,New World Quail Odontophoridae 
476,Purple Finch,Haemorhous purpureus,New World Quail Odontophoridae 
477,Cassin's Finch,Haemorhous cassinii,New World Quail Odontophoridae 
478,Common Redpoll,Acanthis flammea,New World Quail Odontophoridae 
479,Hoary Redpoll,Acanthis hornemanni,New World Quail Odontophoridae 
480,Red Crossbill,Loxia curvirostra,New World Quail Odontophoridae 
481,Cassia Crossbill,Loxia sinesciuris,New World Quail Odontophoridae 
482,White-winged Crossbill,Loxia leucoptera,New World Quail Odontophoridae 
483,Pine Siskin,Spinus pinus,New World Quail Odontophoridae 
484,Lesser Goldfinch,Spinus psaltria,New World Quail Odontophoridae 
485,Lawrence's Goldfinch,Spinus lawrencei,New World Quail Odontophoridae 
486,American Goldfinch,Spinus tristis,New World Quail Odontophoridae 
487,Lapland Longspur,Calcarius lapponicus,New World Quail Odontophoridae 
488,Chestnut-collared Longspur,Calcarius ornatus,New World Quail Odontophoridae 
489,Smith's Longspur,Calcarius pictus,New World Quail Odontophoridae 
490,Thick-billed Longspur,Rhynchophanes mccownii,New World Quail Odontophoridae 
491,Snow Bunting,Plectrophenax nivalis,New World Quail Odontophoridae 
492,Rufous-winged Sparrow,Peucaea carpalis,New World Quail Odontophoridae 
493,Botteri's Sparrow,Peucaea botterii,New World Quail Odontophoridae 
494,Cassin's Sparrow,Peucaea cassinii,New World Quail Odontophoridae 
495,Bachman's Sparrow,Peucaea aestivalis,New World Quail Odontophoridae 
496,Grasshopper Sparrow,Ammodramus savannarum,New World Quail Odontophoridae 
497,Olive Sparrow,Arremonops rufivirgatus,New World Quail Odontophoridae 
498,Chipping Sparrow,Spizella passerina,New World Quail Odontophoridae 
499,Clay-colored Sparrow,Spizella pallida,New World Quail Odontophoridae 
500,Black-chinned Sparrow,Spizella atrogularis,New World Quail Odontophoridae 
501,Field Sparrow,Spizella pusilla,New World Quail Odontophoridae 
502,Brewer's Sparrow,Spizella breweri,New World Quail Odontophoridae 
503,Black-throated Sparrow,Amphispiza bilineata,New World Quail Odontophoridae 
504,Lark Sparrow,Chondestes grammacus,New World Quail Odontophoridae 
505,Lark Bunting,Calamospiza melanocorys,New World Quail Odontophoridae 
506,American Tree Sparrow,Spizelloides arborea,New World Quail Odontophoridae 
507,Fox Sparrow,Passerella iliaca,New World Quail Odontophoridae 
508,Dark-eyed Junco,Junco hyemalis,New World Quail Odontophoridae 
509,Yellow-eyed Junco,Junco phaeonotus,New World Quail Odontophoridae 
510,White-crowned Sparrow,Zonotrichia leucophrys,New World Quail Odontophoridae 
511,Golden-crowned Sparrow,Zonotrichia atricapilla,New World Quail Odontophoridae 
512,Harris's Sparrow,Zonotrichia querula,New World Quail Odontophoridae 
513,White-throated Sparrow,Zonotrichia albicollis,New World Quail Odontophoridae 
514,Sagebrush Sparrow,Artemisiospiza nevadensis,New World Quail Odontophoridae 
515,Bell's Sparrow,Artemisiospiza belli,New World Quail Odontophoridae 
516,Vesper Sparrow,Pooecetes gramineus,New World Quail Odontophoridae 
517,LeConte's Sparrow,Ammospiza leconteii,New World Quail Odontophoridae 
518,Seaside Sparrow,Ammospiza maritima,New World Quail Odontophoridae 
519,Nelson's Sparrow,Ammospiza nelsoni,New World Quail Odontophoridae 
520,Saltmarsh Sparrow,Ammospiza caudacuta,New World Quail Odontophoridae 
521,Savannah Sparrow,Passerculus sandwichensis,New World Quail Odontophoridae 
522,Baird's Sparrow,Centronyx bairdii,New World Quail Odontophoridae 
523,Henslow's Sparrow,Centronyx henslowii,New World Quail Odontophoridae 
524,Song Sparrow,Melospiza melodia,New World Quail Odontophoridae 
525,Lincoln's Sparrow,Melospiza lincolnii,New World Quail Odontophoridae 
526,Swamp Sparrow,Melospiza georgiana,New World Quail Odontophoridae 
527,Canyon Towhee,Melozone fusca,New World Quail Odontophoridae 
528,Abert's Towhee,Melozone aberti,New World Quail Odontophoridae 
529,California Towhee,Melozone crissalis,New World Quail Odontophoridae 
530,Rufous-crowned Sparrow,Aimophila ruficeps,New World Quail Odontophoridae 
531,Green-tailed Towhee,Pipilo chlorurus,New World Quail Odontophoridae 
532,Spotted Towhee,Pipilo maculatus,New World Quail Odontophoridae 
533,Eastern Towhee,Pipilo erythrophthalmus,New World Quail Odontophoridae 
534,Yellow-breasted Chat,Icteria virens,New World Quail Odontophoridae 
535,Yellow-headed Blackbird,Xanthocephalus xanthocephalus,New World Quail Odontophoridae 
536,Bobolink,Dolichonyx oryzivorus,New World Quail Odontophoridae 
537,Western Meadowlark,Sturnella neglecta,New World Quail Odontophoridae 
538,Eastern Meadowlark,Sturnella magna,New World Quail Odontophoridae 
539,Orchard Oriole,Icterus spurius,New World Quail Odontophoridae 
540,Hooded Oriole,Icterus cucullatus,New World Quail Odontophoridae 
541,Bullock's Oriole,Icterus bullockii,New World Quail Odontophoridae 
542,Spot-breasted Oriole,Icterus pectoralis,New World Quail Odontophoridae 
543,Altamira Oriole,Icterus gularis,New World Quail Odontophoridae 
544,Audubon's Oriole,Icterus graduacauda,New World Quail Odontophoridae 
545,Baltimore Oriole,Icterus galbula,New World Quail Odontophoridae 
546,Scott's Oriole,Icterus parisorum,New World Quail Odontophoridae 
547,Red-winged Blackbird,Agelaius phoeniceus,New World Quail Odontophoridae 
548,Tricolored Blackbird,Agelaius tricolor,New World Quail Odontophoridae 
549,Shiny Cowbird,Molothrus bonariensis,New World Quail Odontophoridae 
550,Bronzed Cowbird,Molothrus aeneus,New World Quail Odontophoridae 
551,Brown-headed Cowbird,Molothrus ater,New World Quail Odontophoridae 
552,Rusty Blackbird,Euphagus carolinus,New World Quail Odontophoridae 
553,Brewer's Blackbird,Euphagus cyanocephalus,New World Quail Odontophoridae 
554,Common Grackle,Quiscalus quiscula,New World Quail Odontophoridae 
555,Boat-tailed Grackle,Quiscalus major,New World Quail Odontophoridae 
556,Great-tailed Grackle,Quiscalus mexicanus,New World Quail Odontophoridae 
557,Ovenbird,Seiurus aurocapilla,New World Quail Odontophoridae 
558,Worm-eating Warbler,Helmitheros vermivorum,New World Quail Odontophoridae 
559,Louisiana Waterthrush,Parkesia motacilla,New World Quail Odontophoridae 
560,Northern Waterthrush,Parkesia noveboracensis,New World Quail Odontophoridae 
561,Golden-winged Warbler,Vermivora chrysoptera,New World Quail Odontophoridae 
562,Blue-winged Warbler,Vermivora cyanoptera,New World Quail Odontophoridae 
563,Black-and-white Warbler,Mniotilta varia,New World Quail Odontophoridae 
564,Prothonotary Warbler,Protonotaria citrea,New World Quail Odontophoridae 
565,Swainson's Warbler,Limnothlypis swainsonii,New World Quail Odontophoridae 
566,Tennessee Warbler,Leiothlypis peregrina,New World Quail Odontophoridae 
567,Orange-crowned Warbler,Leiothlypis celata,New World Quail Odontophoridae 
568,Lucy's Warbler,Leiothlypis luciae,New World Quail Odontophoridae 
569,Nashville Warbler,Leiothlypis ruficapilla,New World Quail Odontophoridae 
570,Virginia's Warbler,Leiothlypis virginiae,New World Quail Odontophoridae 
571,Connecticut Warbler,Oporornis agilis,New World Quail Odontophoridae 
572,MacGillivray's Warbler,Geothlypis tolmiei,New World Quail Odontophoridae 
573,Mourning Warbler,Geothlypis philadelphia,New World Quail Odontophoridae 
574,Kentucky Warbler,Geothlypis formosa,New World Quail Odontophoridae 
575,Common Yellowthroat,Geothlypis trichas,New World Quail Odontophoridae 
576,Hooded Warbler,Setophaga citrina,New World Quail Odontophoridae 
577,American Redstart,Setophaga ruticilla,New World Quail Odontophoridae 
578,Kirtland's Warbler,Setophaga kirtlandii,New World Quail Odontophoridae 
579,Cape May Warbler,Setophaga tigrina,New World Quail Odontophoridae 
580,Cerulean Warbler,Setophaga cerulea,New World Quail Odontophoridae 
581,Northern Parula,Setophaga americana,New World Quail Odontophoridae 
582,Magnolia Warbler,Setophaga magnolia,New World Quail Odontophoridae 
583,Bay-breasted Warbler,Setophaga castanea,New World Quail Odontophoridae 
584,Blackburnian Warbler,Setophaga fusca,New World Quail Odontophoridae 
585,Yellow Warbler,Setophaga petechia,New World Quail Odontophoridae 
586,Chestnut-sided Warbler,Setophaga pensylvanica,New World Quail Odontophoridae 
587,Blackpoll Warbler,Setophaga striata,New World Quail Odontophoridae 
588,Black-throated Blue Warbler,Setophaga caerulescens,New World Quail Odontophoridae 
589,Palm Warbler,Setophaga palmarum,New World Quail Odontophoridae 
590,Pine Warbler,Setophaga pinus,New World Quail Odontophoridae 
591,Yellow-rumped Warbler,Setophaga coronata,New World Quail Odontophoridae 
592,Yellow-throated Warbler,Setophaga dominica,New World Quail Odontophoridae 
593,Prairie Warbler,Setophaga discolor,New World Quail Odontophoridae 
594,Grace's Warbler,Setophaga graciae,New World Quail Odontophoridae 
595,Black-throated Gray Warbler,Setophaga nigrescens,New World Quail Odontophoridae 
596,Townsend's Warbler,Setophaga townsendi,New World Quail Odontophoridae 
597,Hermit Warbler,Setophaga occidentalis,New World Quail Odontophoridae 
598,Golden-cheeked Warbler,Setophaga chrysoparia,New World Quail Odontophoridae 
599,Black-throated Green Warbler,Setophaga virens,New World Quail Odontophoridae 
600,Canada Warbler,Cardellina canadensis,New World Quail Odontophoridae 
601,Wilson's Warbler,Cardellina pusilla,New World Quail Odontophoridae 
602,Red-faced Warbler,Cardellina rubrifrons,New World Quail Odontophoridae 
603,Painted Redstart,Myioborus pictus,New World Quail Odontophoridae 
604,Hepatic Tanager,Piranga flava,New World Quail Odontophoridae 
605,Summer Tanager,Piranga rubra,New World Quail Odontophoridae 
606,Scarlet Tanager,Piranga olivacea,New World Quail Odontophoridae 
607,Western Tanager,Piranga ludoviciana,New World Quail Odontophoridae 
608,Northern Cardinal,Cardinalis cardinalis,New World Quail Odontophoridae 
609,Pyrrhuloxia,Cardinalis sinuatus,New World Quail Odontophoridae 
610,Rose-breasted Grosbeak,Pheucticus ludovicianus,New World Quail Odontophoridae 
611,Black-headed Grosbeak,Pheucticus melanocephalus,New World Quail Odontophoridae 
612,Blue Grosbeak,Passerina caerulea,New World Quail Odontophoridae 
613,Lazuli Bunting,Passerina amoena,New World Quail Odontophoridae 
614,Indigo Bunting,Passerina cyanea,New World Quail Odontophoridae 
615,Varied Bunting,Passerina versicolor,New World Quail Odontophoridae 
616,Painted Bunting,Passerina ciris,New World Quail Odontophoridae 
617,Dickcissel,Spiza americana,New World Quail Odontophoridae 
